{
    "accuracy": [
        0.8222222222222222,
        0.7066666666666667,
        0.7155555555555555,
        0.9133333333333333,
        0.9711111111111111,
        0.9022222222222223,
        0.9711111111111111,
        0.9688888888888889,
        0.9711111111111111,
        0.9555555555555556,
        0.9866666666666667,
        0.9977777777777778,
        0.9955555555555555,
        0.9955555555555555,
        1.0,
        1.0,
        1.0,
        1.0,
        1.0
    ],
    "precision": [
        0.8535672514619882,
        0.7952013774919959,
        0.7569999164787439,
        0.9216000000000001,
        0.9712051525209422,
        0.910215191503494,
        0.9711238471673255,
        0.9690518427793472,
        0.9711238471673255,
        0.9592747559274757,
        0.9867020035205,
        0.9977878787878788,
        0.9955957767722474,
        0.9955957767722474,
        1.0,
        1.0,
        1.0,
        1.0,
        1.0
    ],
    "recall": [
        0.8222222222222222,
        0.7066666666666667,
        0.7155555555555555,
        0.9133333333333333,
        0.9711111111111111,
        0.9022222222222223,
        0.9711111111111111,
        0.9688888888888889,
        0.9711111111111111,
        0.9555555555555556,
        0.9866666666666667,
        0.9977777777777778,
        0.9955555555555555,
        0.9955555555555555,
        1.0,
        1.0,
        1.0,
        1.0,
        1.0
    ],
    "f1_score": [
        0.819047619047619,
        0.6859915966386555,
        0.7058853351226422,
        0.9130808008350689,
        0.9711149645043202,
        0.901535802370648,
        0.9711126813223374,
        0.9688938067669123,
        0.9711126813223374,
        0.9555204278553882,
        0.9866648212590953,
        0.9977778985632567,
        0.9955559947299077,
        0.9955559947299077,
        1.0,
        1.0,
        1.0,
        1.0,
        1.0
    ]
}