{
    "accuracy": [
        0.6955555555555556,
        0.7622222222222222,
        0.5933333333333334,
        0.8088888888888889,
        0.6444444444444445,
        0.8222222222222222,
        0.6266666666666667,
        0.9733333333333334,
        0.6622222222222223,
        0.5688888888888889,
        0.9044444444444445,
        0.7844444444444445,
        0.9577777777777777,
        0.9866666666666667,
        0.9311111111111111,
        0.7044444444444444,
        0.9822222222222222,
        0.9777777777777777,
        0.9466666666666667
    ],
    "precision": [
        0.7366989247311828,
        0.7987387387387387,
        0.7784577114427862,
        0.8089728808858778,
        0.7945470536499561,
        0.82289020099004,
        0.7122605528176559,
        0.9743002232804442,
        0.7945116932650808,
        0.5794580420826119,
        0.9045503398134976,
        0.8332242850276377,
        0.9578741899794532,
        0.9868268110072894,
        0.9313648335440371,
        0.8067354068064007,
        0.982256152634112,
        0.9778103017477239,
        0.9466893455430075
    ],
    "recall": [
        0.6955555555555556,
        0.7622222222222222,
        0.5933333333333334,
        0.8088888888888889,
        0.6444444444444445,
        0.8222222222222222,
        0.6266666666666667,
        0.9733333333333334,
        0.6622222222222223,
        0.5688888888888889,
        0.9044444444444445,
        0.7844444444444445,
        0.9577777777777777,
        0.9866666666666667,
        0.9311111111111111,
        0.7044444444444444,
        0.9822222222222222,
        0.9777777777777777,
        0.9466666666666667
    ],
    "f1_score": [
        0.6844037046284077,
        0.756220064724919,
        0.5198836424081865,
        0.8087867996201329,
        0.5978235029199613,
        0.8219686614765952,
        0.5907206258462463,
        0.9733359671302149,
        0.6241095412523985,
        0.5606543474916903,
        0.9044571902835209,
        0.7776608798116018,
        0.9577834096601603,
        0.9866687743286767,
        0.9311230207144773,
        0.6808185963741519,
        0.9822197616787935,
        0.9777747020984919,
        0.946659285036381
    ]
}