{
    "accuracy": [
        0.6266666666666667,
        0.4866666666666667,
        0.8155555555555556,
        0.5955555555555555,
        0.6377777777777778,
        0.7977777777777778,
        0.6488888888888888,
        0.8111111111111111,
        0.9422222222222222,
        0.8177777777777778,
        0.9111111111111111,
        0.7111111111111111,
        0.94,
        0.9755555555555555,
        0.9777777777777777,
        0.9377777777777778,
        0.9844444444444445,
        0.9911111111111112,
        0.9888888888888889
    ],
    "precision": [
        0.6283760054030821,
        0.7501777777777778,
        0.8350749063670412,
        0.7791188694929343,
        0.7660840604184258,
        0.7978076416337286,
        0.7715427080196727,
        0.812832383665717,
        0.9435632252070608,
        0.8198848158454957,
        0.9112831960385347,
        0.8140939910280444,
        0.9402528445006321,
        0.9760361356932153,
        0.9779393268933183,
        0.9401141349167079,
        0.9845361150624308,
        0.991270553064275,
        0.9889797692429271
    ],
    "recall": [
        0.6266666666666667,
        0.4866666666666667,
        0.8155555555555556,
        0.5955555555555555,
        0.6377777777777778,
        0.7977777777777778,
        0.6488888888888888,
        0.8111111111111111,
        0.9422222222222222,
        0.8177777777777778,
        0.9111111111111111,
        0.7111111111111111,
        0.94,
        0.9755555555555555,
        0.9777777777777777,
        0.9377777777777778,
        0.9844444444444445,
        0.9911111111111112,
        0.9888888888888889
    ],
    "f1_score": [
        0.6234442246598333,
        0.3186248131539612,
        0.8135597395332778,
        0.5234731182795699,
        0.5936766437243776,
        0.7977887692563623,
        0.6092717599860458,
        0.811069133936817,
        0.9422222222222222,
        0.8171989385005327,
        0.9111251621911781,
        0.6884210377830912,
        0.9400103728803513,
        0.9755597810429271,
        0.9777812905477944,
        0.9377581109289294,
        0.9844465193484802,
        0.9911125162191178,
        0.9888903709632
    ]
}