{
    "accuracy": [
        0.8555555555555555,
        0.8888888888888888,
        0.8866666666666667,
        0.9777777777777777,
        0.9066666666666666,
        0.8955555555555555,
        0.9955555555555555,
        0.9888888888888889,
        0.9977777777777778,
        0.9977777777777778,
        0.9977777777777778,
        1.0,
        0.9977777777777778,
        0.9977777777777778,
        1.0,
        1.0,
        1.0,
        1.0,
        1.0
    ],
    "precision": [
        0.8788473236009734,
        0.906299507054224,
        0.9003886639676114,
        0.9781333333333334,
        0.9164808089725327,
        0.8999989404534858,
        0.9955957767722474,
        0.9891369047619047,
        0.9977878787878788,
        0.9977878787878788,
        0.9977878787878788,
        1.0,
        0.9977878787878788,
        0.9977878787878788,
        1.0,
        1.0,
        1.0,
        1.0,
        1.0
    ],
    "recall": [
        0.8555555555555555,
        0.8888888888888888,
        0.8866666666666667,
        0.9777777777777777,
        0.9066666666666666,
        0.8955555555555555,
        0.9955555555555555,
        0.9888888888888889,
        0.9977777777777778,
        0.9977777777777778,
        0.9977777777777778,
        1.0,
        0.9977777777777778,
        0.9977777777777778,
        1.0,
        1.0,
        1.0,
        1.0,
        1.0
    ],
    "f1_score": [
        0.8538530416826563,
        0.8880257999576181,
        0.8859984429160117,
        0.9777817290975185,
        0.9063210834785365,
        0.8954249864528105,
        0.9955559947299077,
        0.9888908097926575,
        0.9977778985632567,
        0.9977778985632567,
        0.9977778985632567,
        1.0,
        0.9977778985632567,
        0.9977778985632567,
        1.0,
        1.0,
        1.0,
        1.0,
        1.0
    ]
}